baldwin-etal-2002-enhanced	W99-0902	0.5
bilac-etal-2004-evaluating	C02-1140	0.5
C00-1006	W99-0902	0.5
C02-1140	baldwin-etal-2002-enhanced	0.673826
C90-2053	W89-0234	0.631155
I05-2019	yoshida-etal-2004-retrieving	0.815903
J98-4002	C96-1012	0.808889
shirai-etal-2000-semi	W98-1510	0.5
W96-0105	C96-1012	0.79323
W98-1227	1997.iwpt-1.16	0.798343
W98-1510	1997.iwpt-1.16	0.671327
Y00-1002	1999.tmi-1.20	0.705777
