2009.jeptalnrecital-court.31	P98-1082	0.804799
2015.jeptalnrecital-long.16	W14-4812	0.265192
2019.jeptalnrecital-court.8	hamon-etal-2017-pomelo	0.849767
2019.jeptalnrecital-tia.2	hamon-etal-2017-pomelo	0.883224
2020.jeptalnrecital-deft.1	W19-5029	0.892526
hamon-hu-2002-evaluate	P98-1082	0.5
hamon-hu-2002-evaluate	C98-1079	0.5
L16-1420	W14-1202	0.5
W12-2413	P98-1082	0.639561
W12-2413	C98-1079	0.5
W14-4801	P98-1082	0.535062
W19-5011	W14-1202	0.896377
W19-5013	hamon-etal-2017-pomelo	0.891174
