benkoussas-etal-2014-collection	kim-etal-2012-annotated	0.5
L16-1576	kim-etal-2012-annotated	0.812728
S14-2104	S13-2075	0.5
S14-2113	S13-2075	0.5
S15-2095	S13-2075	0.853834
S15-2095	S14-2113	0.775034
S15-2095	S15-2095	0.106861
S15-2128	S13-2075	0.918282
S15-2128	S14-2113	0.925633
S15-2128	S14-2104	0.927942
S15-2128	S15-2095	0.741347
