2013.iwslt-papers.3	shimizu-etal-2014-collection	0.823939
2020.lrec-1.62	L18-1194	0.88301
2021.iwslt-1.3	P15-1020	0.837341
P15-1020	P14-2090	0.854392
P15-1020	N15-3009	0.857129
sakti-etal-2014-towards	W13-4604	0.5
