2014.iwslt-papers.11	2006.amta-papers.25	0.793889
2014.iwslt-papers.11	P14-1129	0.840086
H94-1065	H93-1015	0.796216
N12-1006	2006.amta-papers.25	0.697297
N13-1069	N12-1006	0.834416
P15-1004	P14-1129	0.74947
W10-1763	2006.amta-papers.25	0.797346
