2005.mtsummit-papers.10	W04-2208	0.5
2021.emnlp-main.203	2020.coling-main.209	0.799898
D07-1122	P06-2013	0.896796
I05-2015	W04-2208	0.5
I11-1035	I08-1012	0.81753
W14-7005	P14-2026	0.838827
Y99-1026	Y98-1022	0.613475
zhang-etal-2008-word	W04-2208	0.5
zhang-etal-2008-word	I05-2015	0.5
zhang-etal-2008-word	2005.mtsummit-papers.10	0.5
