2009.mtsummit-papers.20	C08-1141	0.5
2011.mtsummit-papers.14	W08-0301	0.923541
2011.mtsummit-papers.14	P08-1011	0.912537
2020.acl-main.531	P17-1065	0.691077
C10-1036	P09-1066	0.5
C10-2025	P09-1066	0.5
C10-2025	D07-1056	0.5
D13-1107	P13-2061	0.817113
P12-1096	P07-1091	0.94429
P12-2057	C10-2025	0.846579
P14-1013	D13-1107	0.837725
P15-1048	P13-1074	0.851961
W08-0301	D07-1056	0.849556
